{
    "keyboard_name": "kolibri",
    "url": "",
    "maintainer": "qmk",
    "layouts": {
        "LAYOUT": {
            "layout": [
                { "label": "K0E (C6,F5)", "x": 17.2, "y": 0.75 },
                { "label": "K02 (C6,B4)", "x": 3, "y": 0.9 },
                { "label": "K00 (C6,D7)", "x": 1, "y": 1 },
                { "label": "K01 (C6,E6)", "x": 2, "y": 1 },
                { "label": "K0B (C6,B1)", "x": 12.95, "y": 1 },
                { "label": "K0C (C6,F7)", "x": 13.95, "y": 1 },
                { "label": "K0D (C6,F6)", "x": 14.95, "y": 1, "w": 2 },
                { "label": "K1E (D4,F5)", "x": 17.45, "y": 1.75 },
                { "label": "K10 (D4,D7)", "x": 0.75, "y": 2, "w": 1.5 },
                { "label": "K11 (D4,E6)", "x": 2.25, "y": 2 },
                { "label": "K1A (D4,B3)", "x": 12.7, "y": 2 },
                { "label": "K1B (D4,B1)", "x": 13.7, "y": 2 },
                { "label": "K1C (D4,F7)", "x": 14.7, "y": 2 },
                { "label": "K1D (D4,F6)", "x": 15.7, "y": 2, "w": 1.5 },
                { "label": "K2E (D0,F5)", "x": 17.7, "y": 2.75 },
                { "label": "K20 (D0,D7)", "x": 0.5, "y": 3, "w": 1.75 },
                { "label": "K21 (D0,E6)", "x": 2.25, "y": 3 },
                { "label": "K2A (D0,B3)", "x": 13.2, "y": 3 },
                { "label": "K2B (D0,B1)", "x": 14.2, "y": 3 },
                { "label": "K2C (D0,F7)", "x": 15.2, "y": 3, "w": 2.25 },
                { "label": "K3E (D1,F5)", "x": 18, "y": 3.75 },
                { "label": "K30 (D1,D7)", "x": 0.25, "y": 4, "w": 2.25 },
                { "label": "K31 (D1,E6)", "x": 2.5, "y": 4 },
                { "label": "K3A (D1,B3)", "x": 12.95, "y": 4 },
                { "label": "K3B (D1,B1)", "x": 13.95, "y": 4 },
                { "label": "K3C (D1,F7)", "x": 14.95, "y": 4, "w": 1.75 },
                { "label": "K3D (D1,F6)", "x": 16.95, "y": 4.25 },
                { "label": "K40 (D2,D7)", "x": 0.25, "y": 5, "w": 1.5 },
                { "label": "K4A (D2,B3)", "x": 14.2, "y": 5, "w": 1.5 },
                { "label": "K4B (D2,B1)", "x": 15.95, "y": 5.25 },
                { "label": "K4C (D2,F7)", "x": 16.95, "y": 5.25 },
                { "label": "K4D (D2,F6)", "x": 17.95, "y": 5.25 },
                { "label": "K04 (C6,B7)", "x": 5.3, "y": 0.15 },
                { "label": "K05 (C6,D5)", "x": 6.3, "y": 0.15 },
                { "label": "K06 (C6,C7)", "x": 7.3, "y": 0.15 },
                { "label": "K03 (C6,B5)", "x": 4.3, "y": 0.15 },
                { "label": "K12 (D4,B4)", "x": 3.8, "y": 1.15 },
                { "label": "K13 (D4,B5)", "x": 4.8, "y": 1.15 },
                { "label": "K14 (D4,B7)", "x": 5.8, "y": 1.15 },
                { "label": "K15 (D4,D5)", "x": 6.8, "y": 1.15 },
                { "label": "K22 (D0,B4)", "x": 4.05, "y": 2.15 },
                { "label": "K23 (D0,B5)", "x": 5.05, "y": 2.15 },
                { "label": "K24 (D0,B7)", "x": 6.05, "y": 2.15 },
                { "label": "K25 (D0,D5)", "x": 7.05, "y": 2.15 },
                { "label": "K32 (D1,B4)", "x": 4.55, "y": 3.15 },
                { "label": "K33 (D1,B5)", "x": 5.55, "y": 3.15 },
                { "label": "K34 (D1,B7)", "x": 6.55, "y": 3.15 },
                { "label": "K35 (D1,D5)", "x": 7.55, "y": 3.15 },
                { "label": "K42 (D2,B4)", "x": 4.55, "y": 4.15, "w": 1.5 },
                { "label": "K43 (D2,B5)", "x": 6.05, "y": 4.15, "w": 2 },
                { "label": "K45 (D2,D5)", "x": 8.05, "y": 4.15 },
                { "label": "K07 (C6,F0)", "x": 8.25, "y": 3.6 },
                { "label": "K08 (C6,B6)", "x": 9.25, "y": 3.6 },
                { "label": "K09 (C6,B2)", "x": 10.25, "y": 3.6 },
                { "label": "K0A (C6,B3)", "x": 11.25, "y": 3.6 },
                { "label": "K16 (D4,C7)", "x": 7.75, "y": 4.6 },
                { "label": "K17 (D4,F0)", "x": 8.75, "y": 4.6 },
                { "label": "K18 (D4,B6)", "x": 9.75, "y": 4.6 },
                { "label": "K19 (D4,B2)", "x": 10.75, "y": 4.6 },
                { "label": "K26 (D0,C7)", "x": 8, "y": 5.6 },
                { "label": "K27 (D0,F0)", "x": 9, "y": 5.6 },
                { "label": "K28 (D0,B6)", "x": 10, "y": 5.6 },
                { "label": "K29 (D0,B2)", "x": 11, "y": 5.6 },
                { "label": "K36 (D1,C7)", "x": 7.5, "y": 6.6 },
                { "label": "K37 (D1,F0)", "x": 8.5, "y": 6.6 },
                { "label": "K38 (D1,B6)", "x": 9.5, "y": 6.6 },
                { "label": "K39 (D1,B2)", "x": 10.5, "y": 6.6 },
                { "label": "K46 (D2,C7)", "x": 7.5, "y": 7.6, "w": 2.75 },
                { "label": "K48 (D2,B6)", "x": 10.25, "y": 7.6, "w": 1.5 }
            ]
        }
    }
    ,"meta": "https://noroadsleft.github.io/kbf_qmk_converter/"
}
